山本教育素云VIP直播课堂心理咨询情感恋爱脱单课堂-第13期,3862.22,3914
父母拒婚怎么办？心理咨询/婚姻情感/恋爱技巧/腾讯课堂山本教育,免费,1
情商提升课程-情感恋爱课堂山本情感课堂,免费,61
恋爱技巧情感聊天课堂,免费,524
婚姻情感恋爱心理咨询情感倾诉山本教育公开课【直播】,免费,10
恋爱技巧基础知识-山本教育情感课堂,免费,15
心理咨询/婚姻情感/情商提升沟通技巧,免费,34
感情脆弱走出阴影/孤独失落/性格孤僻心理咨询/婚姻情感/恋爱技巧,免费,53
如何跟喜欢的人有话题聊恋爱婚姻挽回情感咨询心理医生沟通障碍,免费,33
情感咨询恋爱课堂山本教育情感课堂尬聊恋爱聊天,免费,32
情感挽回挽回你要稳!准!狠!山本教育情感课堂,免费,99
自闭症怎么办？心理咨询/婚姻情感/恋爱技巧/腾讯课堂山本教育,免费,56
两性情感课程婚姻挽回恋爱山本情感恋爱学堂,免费,01
情感课堂恋爱情感婚姻课程,562.22,8万
情感恋爱课堂如何手撕“小三”挽回老公的心,免费,00
恋爱技巧婚姻情感咨询山本教育情感课堂,免费,03
婚姻情感心理咨询恋爱技巧山本教育素云情感课堂,免费,4
恋爱技巧婚姻情感咨询山本教育情感课堂婚姻咨询,免费,8
父母逼婚怎么办？/内心自卑/婚姻情感/恋爱技巧/腾讯课堂山本教育,免费,9
腾讯课堂山本教育情商提升课程-情感恋爱课堂山本情感课堂,免费,3
性格不合导致分手怎么办-心理咨询/婚姻情感/腾讯课堂山本教育,免费,5
山本情感课堂/如何让女神倒追你/山本恋爱学堂,53.22,828
山本教育/情商提升/心理咨询/婚姻情感/情商提升沟通技巧,5762.22,8296
山本教育情感课堂自我提升心理倾诉恋爱技巧情感咨询相亲技巧,2.23,37
恋爱情感沟通提升课/大学生情感心理咨询,7.72,92
婚姻恋爱脱单心理咨询情感恋爱咨询情感山本教育,2.23,51
婚姻恋爱咨询情感课堂心理咨询师婚恋脱单技巧,2.23,398
山本教育情感婚姻恋爱咨询情感VIP作业批改点评直播,2.32,353
山本教育情感恋爱VIP课程,3862.22,33
【免费持续直播中】情感恋爱/魅力提升/人际相处/情商/恋爱技巧,免费,95
男女情感和原生家庭/个人成长/性格塑造/魅力提升/人际交往,免费,32
恋爱咨询情感婚姻恋爱爱情挽回素云情感10期VIP课程,3222.22,04
零基础学唱歌k歌入门教学 唱歌教程 高音 气息 情感,免费,533
走出阴影/孤独失落/性格孤僻心理咨询/婚姻情感/恋爱技巧,免费,8
爱情挽回冷暴力/异地恋/信任危机心理咨询/婚姻情感/恋爱技巧,免费,9
胆小内向/虚荣心强/自暴自弃/心理咨询/婚姻情感/恋爱技巧,免费,9
内心脆弱/性格自卑/不善表达/婚姻情感/恋爱技巧表白被拒,免费,5
心理咨询/婚姻情感/恋爱技巧/腾讯课堂/焦虑/多梦/抑郁/愤怒,免费,5
恋爱技巧/聊天技巧/脱单技巧/情感咨询/追女生如何让她不断来电,免费,03
奎凯情感/恋爱心理学职场情场家庭/山本教育,免费,6
奎凯情感：婚姻情感课堂心理咨询恋爱技巧挽回山本教育,免费,0
奎凯情感：恋爱心理学跟喜欢的人没话题聊怎么办？,免费,4
情商提升情感咨询心理咨询职场沟通课堂,1222.22,50
亲密关系/情感的论证与救赎,免费,9
自然语言处理——实战情感分析（免费）,免费,1
奎凯情感：爱情哲学课恋爱咨询婚姻挽回,免费,5
山本教育/奎凯情感：婚姻情感咨询恋爱技巧课程,免费,3
山本教育爱情哲学课恋爱咨询婚姻挽回奎凯情感,免费,5
奎凯情感：爱情哲学课恋爱咨询婚姻挽回,免费,5
马丁教你谈恋爱——情感案例分析,免费,3
婚姻咨询恋爱挽回情感脱单沟通技巧,8762.22,9
恋爱技巧/聊天技巧/脱单技巧/情感咨询/和女生聊天方法-背景植入,免费,82
恋爱技巧/聊天技巧/脱单技巧/婚姻情感咨询/恋爱中的动态社交平衡,免费,59
青青老师带你解读两性情感,免费,5
奎凯情感：爱情哲学课恋爱咨询婚姻挽回,免费,5
恋爱技巧/脱单技巧/聊天技巧/恋爱脱单/情感/恋爱中的服从性测试,免费,56
记住乡愁——情感纪录片,免费,3
恋爱技巧/聊天技巧/脱单技巧/婚姻咨询/情感咨询/恋爱恒星理论,免费,3
恋爱技巧/聊天技巧/脱单技巧/情感咨询/英雄救美快速打动女生芳心,免费,0
恋爱技巧/聊天技巧/脱单技巧/情感咨询/和女生聊天要适当留白,免费,36
趣味班| 情感对话——30岁还不结婚吗？,免费,5
Keras从入门到实战（卷积、循环神经网络、图像识别、情感分析）,免费,4
绘本《我讨厌妈妈》——基于情感的认知体验：我讨厌妈妈吗？,免费,0
恋爱技巧/脱单技巧/聊天技巧/情感/恋爱中，如何运用“角色扮演”,免费,0
抖音新媒体短视频运营情感抖音号运营技巧/必火传媒,免费,3
恋爱技巧/聊天技巧/脱单技巧/情感咨询/恋爱中的关系逆向合理化,免费,59
恋爱技巧/脱单技巧/聊天技巧/情感/和女生约会，要注重哪些细节？,免费,8
焦虑自卑危机处理情感课堂恋爱技巧奎凯咨询,2.52,90
程姐教你谈恋爱技巧 恋爱婚恋交友心理情感咨询辅导心理学婚姻,7.72,55
恋爱技巧/聊天技巧/脱单技巧/婚姻咨询/情感咨询/恋爱赋格理论,免费,59
趣味班| 情感科普——为什么男人不能一心二用,免费,5
一念之转幸福密码（婚姻亲子恋爱情感健康疾病金钱工作职场）,免费,5
趣味班| 情感之窗——结婚前后的生活对比,免费,5
福建中小学教师招聘考试知识点《情绪与情感》,免费,2
大头姐王濛：女性情感必修指南,77.22,5
恋爱攻略课堂/情感/脱单/挽回/恋商,9.22,52
【放空情感学院】恋爱秘籍、婚恋挽回、自我提升,免费,2
[生涯]情感只有爱情吗？,7.72,2
[婚前须知]重大事件下考验情感的坚持,8.72,2
自然语言处理——实战情感分析,16.22,56
趣味班| 情感科普——如何走出分手攻略,免费,3
墨门CAT演讲-许婉晴：用情感造物，为美好生活,免费,5
唐宁情感系列课程之人际交往,53.22,12
如何增强经济消息通讯的情感性,1.22,5
恋爱技巧/脱单技巧/聊天技巧/恋爱脱单知识要点合集【龙语情感】,7.72,6
21福建教师招考中小学心理学：道德情感的表现形式,5.22,2
恋爱技巧/恋爱脱单/聊天技巧/共鸣和招标-快速建立恋爱情感连接,7.72,2
恋爱技巧/脱单技巧/聊天技巧/情感/缘分感 -爱情的安慰剂和兴奋剂,7.72,5
恋爱技巧/脱单技巧/情感/行走的荷尔蒙：如何向心仪的女生放电,9.52,2
情感调解.调解技术,5.22,5
情绪情感自我评定报告解析,免费,5
情感调解.调解技术,5.22,5
恋爱技巧/脱单技巧/情感/攻击性和控制力：打造完美型男正确路径,9.52,2
006-商品高效讲解-寻找商品卖点之情感价值,7.72,2
趣味班| 情感对话——隐形贫困人口,免费,5
情绪压力 焦虑/多梦/抑郁/愤怒心理咨询/婚姻情感/恋爱技巧,免费,1
趣味班| 情感对话——关于姐弟恋你怎么看？,免费,5
心理咨询/婚姻情感/恋爱技巧/暗恋/自卑/早恋/网恋青少年心理健康,免费,5
面试压力/升职压力/同事关系/心理咨询/婚姻情感/恋爱技巧,免费,8
心理咨询/婚姻情感/自卑/早恋/网恋 青少年心理健康咨询,免费,1
心理咨询/婚姻情感/恋爱技巧/父母吵架对孩子的危害,免费,5
父母逼婚怎么办/心理咨询/婚姻情感/恋爱技巧,免费,5
父母吵架对孩子的危害性格孤僻/内心自卑/婚姻情感/恋爱技巧,免费,5
动脑情感私人定制急速脱单/甜蜜恋爱精品课程,免费,8
程姐精讲谈恋爱技巧恋爱婚恋交友心理情感咨询辅导心理学婚姻,7.72,52
趣味班| 情感之窗——男生不敢追的女生类型TOP排行榜,免费,3
心理咨询/婚姻情感/恋爱技巧/性格不合导致分手怎么办？,免费,3
心理咨询/婚姻情感/恋爱技巧/社交障碍/敏感多疑/不善沟通自闭症,免费,3
心理咨询/婚姻情感/恋爱技巧/父母拒婚怎么办？,免费,5
爱情哲学课山本教育恋爱情感心理咨询课,76.22,543
山本恋爱社交课堂-情感恋爱学堂,976.22,363
山本情感课堂/为何你总把不到妹子/山本恋爱学堂,16.22,308
情感婚姻恋爱挽回-婚姻中如何提升自己的价值,16.22,557
女神情感课堂-山本情感恋爱学堂VIP会员课程,9662.22,380
山本教育情感咨询青少年心理知识情感活动课程,536.22,389
山本教育素云VIP课程续费老学员专用/情感咨询沟通技巧,5222.22,360
情感咨询婚姻危机恋爱脱单内向自卑山本教育心理咨询,66.22,300
婚姻情感咨询自卑的男生如何改变自己情感恋爱课堂,71.22,304
情感恋爱课堂注意三个细节才能抱得美人归,92.22,395
“秒懂”诗歌情感应试技巧,53.22,31
婚姻情感家庭亲子情感咨询山本教育约会法则,16.22,820
情感恋爱课堂-婚姻咨询恋爱技巧-录播,5276.22,334
情感关系管理专家：11堂课教你成为人群中的“关键人物”,07.72,2
恋爱心理学-山本教育情感恋爱高级VIP会员-个人咨询,9762.22,30
山本教育爱情管家服务托管/情感婚姻心理咨询辅导情感倾诉,59622,58
恋婚恋心理学/爱心理学/山本教育情感恋爱高级VIP,76.22,54
山本教育婚姻情感心理咨询恋爱脱单课程录像,576.22,59
聊天攻略/恋爱/情感/脱单/挽回/恋商,9762.22,2
情感恋爱课堂/恋爱脱单计划/山本教育,8762.22,9
恋爱技巧/情感聊天技巧/婚姻情感挽回,0462.22,6
恋爱技巧/情感聊天技巧/婚姻情感挽回/山本教育,8162.22,56
私人定制爱情挽回服务/动脑情感高姿态挽回,免费,8
心理咨询情感倾诉婚姻咨询恋爱脱单山本教育情感课堂,676.22,51
情感恋爱心理堂婚姻修复个人提升恋爱脱单山本教育,76.22,88
恋爱技巧婚姻情感恋爱课堂心理咨询山本教育情感学院,76.22,86
恋爱攻略-山本教育情感恋爱高级VIP会员-个人咨询,9772.22,35
我离爱情差几步-家庭婚姻咨询情感服务山本教育,9762.22,83
情感课堂/女生情感恋爱提升课/山本教育,3762.22,52
婚姻情感咨询/恋爱读心术/家庭婚姻咨询情感服务山本教育,676.22,82
婚姻情感咨询/让你把爱带回家/家庭婚姻咨询情感服务山本教育,1762.22,37
婚姻情感咨询/恋爱秘籍一见倾心/家庭婚姻咨询情感服务山本教育,1762.22,37
婚姻情感咨询/ta还在你身边吗/家庭婚姻咨询情感服务山本教育,9662.22,52
恋爱大讲堂-30天男神养成计划/情感/脱单/挽回/恋商,免费,0
山本情感课堂-山本教育情感恋爱高级VIP会员-个人咨询,5362.22,51
情感恋爱课堂/浪漫情人节你表白成功了吗？/山本教育,977.22,4
婚姻情感咨询/挽回老公篇/家庭婚姻咨询情感服务山本教育,9662.22,32
情感营销课,免费,5
婚姻创伤修复山本教育情感婚姻心理咨询,0622.22,9
女神计划恋爱脱单情感婚姻咨询私人定制服务,0622.22,55
情感沟通恋爱咨询婚姻挽回心理治疗-单次服务,622.22,03
【长期关系】保鲜恋情，稳固情感，长相厮守,3162.22,59
婚姻恋爱技巧心理咨询情感恋爱脱单,5562.22,9
心理倾诉情感婚姻恋爱咨询咨询课堂爱情管家婚姻恋爱技巧,5762.22,9
爱情管家婚姻情感心理咨询心理倾诉情感辅导,5562.22,9
恋爱聊天技巧形象魅力情商提升情感咨询心理咨询,0762.22,2
【播音系列课程8.29】情感表达——停连、重音、语气、节奏,522.22,52
路明情感说：10堂恋爱脱单学，教你全方面攻克恋爱难题，快速脱单,07.22,2
恋爱情感课堂恋爱情感婚姻咨询私人辅导,0622.22,2
奎凯情感：婚姻恋爱技巧山本教育爱情哲学课恋爱咨询婚姻挽回,5762.22,9
腾讯课堂心理倾诉婚姻咨询心理辅导咨询情感课堂,5576.22,9
婚姻情感恋爱课堂心理咨询情感课堂腾讯课堂心理咨询,5576.22,9
东凡情感VIP直播课堂-恋爱脱单攻略/情感咨询/恋爱技巧/婚姻/社交,5462.22,1
【表演系列课程8.15】台词——情感表达感受力练习,522.22,50
【播音系列课程8.22】情感表达——内心情感的调动方法,522.22,52
【晨阳情感】恋爱小白的必修课,免费,5
艺考/播音/基础入门课程 稿件播读中的情感调动,66.22,2
山本教育张鹏第1期情感VIP课程,1622.22,8
奎凯情感恋爱心理学相亲总失败怎么办,5562.22,9
奎凯情感：婚姻恋爱技巧爱情哲学课恋爱咨询婚姻挽回,5362.22,9
挽回爱情山本教育私人定制情感咨询服务,4622.22,57
婚姻规划家庭排序山本教育婚姻情感咨询服务,0622.22,57
男神计划恋爱脱单情感婚姻咨询私人定制服务,0622.22,54
婚姻心理咨询情感恋爱脱单思维,562.22,08
心理学：情绪情感与意志 通关精讲【启航先锋】,77.22,09
情感咨询婚姻恋爱技巧爱情哲学课恋爱咨询婚姻挽回,5362.22,9
心理倾诉情感婚姻恋爱咨询咨询课堂爱情管家,367.22,9
腾讯课堂心理倾诉情感婚姻恋爱咨询咨询课堂爱情管家,5362.22,9
九秒印象：女性情感掌控术，婚姻恋爱，情敌反击，聊天约会,5850.22,2
美国RN国际护士课程ISPN之临床口语病人情感重要性（3节）,37.42,2
山本教育恋爱情感聊天脱单秘籍,96.22,01
情感恋爱脱单计划山本教育情感恋爱课堂,122.22,09
奎凯情感爱情哲学课恋爱咨询婚姻挽回,5162.22,9
奎凯情感恋爱婚姻咨询家庭心理咨询,762.22,9
奎凯情感：婚姻恋爱技巧山本教育爱情哲学课恋爱咨询婚姻挽回,3762.22,9
婚姻情感咨询,5777.22,2
婚姻挽回分离小三挽回前任山本教育情感高级咨询服务,4622.22,6
真命狙击山本教育恋爱婚姻情感恋爱课程,9622.22,51
腾讯课堂心理倾诉情感婚姻恋爱咨询咨询课堂爱情管家,5762.22,9
情感咨询师培训/情感导师/婚姻咨询师/恋爱专家,57.72,308
婚姻情感心理咨询恋爱技巧花臻教育,免费,5
婚姻情感挽回爱情管家服务/李航/善缘老师辅导,6622.22,98
相亲技巧恋爱脱单情感婚姻咨询私人定制服务,0622.22,54
矛盾化解山本教育婚姻情感咨询服务,0622.22,58
分离小三婚姻情感挽回山本教育情感定制服务,7622.22,5
情感课堂恋爱情感婚姻咨询私人辅导,8622.22,55
山本教育婚姻情感恋爱脱单情感婚姻咨询私人定制服务,0622.22,7
网商学院 | 如何用故事塑造品牌，用情感与消费者沟通,17.22,5
奎凯情感婚姻恋爱技巧山本教育爱情哲学课恋爱咨询婚姻挽回,5362.22,9
奎凯情感情感课堂相亲约会表白,5576.22,9
心理咨询情感恋爱技巧婚姻咨询课堂,762.22,9
心理倾诉情感婚姻恋爱咨询咨询课堂爱情管家,3762.22,9
情商提升/心理咨询/婚姻情感/情商提升沟通技巧模拟相亲自我提升,0662.22,39
原画人日韩角色设计2期【吸烟】,0672.22,96
2021年上教师资格证笔试免费通关班【中小学通用】,免费,073
