title,price,tourist,dianping,percent,subtitle
<乌镇西栅+西塘古镇1日游>纯玩0购物0自费，乌镇西塘，双5A水乡，邂逅千年西塘，打卡网红乌镇，充实1整天,268,449,86人,97,上海成团| 纯玩 乌镇西栅 西塘古镇 
<苏州-乌镇-杭州3日游>深度纯玩，苏州5A双园林，保证1晚5星酒店，夜游乌镇，赏西栅日夜全景，赠杭州西湖游船，一天一座城，一车到底,498,1.3万,2291人,94,上海成团| 拒绝走马观花 不换车导 纯玩无购物 1天1座城 苏州乌镇杭州 赏乌镇夜...
[春节]<华东五市-乌镇双飞5日游>出游之冠0购丨国际酒店X西栅&拈花湾双客栈丨灵山祈福+西湖登岛1元实景+周庄船游丨赠年夜饭丨水灯会/逛集市过江南年,2062,2.9万,8717人,98,长沙出发机票可选| 南京成团| 宁进沪出 一车一导 错峰特惠  网红拈花湾 双水乡 纯玩0购物 疫后安...
<杭州-乌镇2日游>深度纯玩，精选5A景点，升级不加价，1晚乌镇度假酒店，夜游西栅，赏乌镇日夜美景，漫步水乡，船游西湖，专车专导,302,5321,1064人,94,上海成团| 专车专导 深度漫游乌镇 无强制消费 乌镇西栅 亲子休闲 
<上海-苏州-乌镇-杭州4日游>深度纯玩，畅游魔都，精选双5A园林，宿乌镇，夜游西栅，赏日夜全景，船游西湖，一天一座城,663,2.3万,4144人,94,上海成团| 住宿可升级 专职专导 吴中名胜虎丘 中国四大园林 杭州西湖 畅游魔都 
[春节]<华东五市-乌镇双飞6日游>万人0购丨国际五星X西栅&拈花湾客栈丨水乡日夜美景丨灵山祈福+西湖登岛1元实景+周庄环镇丨赠年夜饭丨赏水灯会过大年,2290,2.9万,8717人,98,长沙出发| 上海成团| 一车一导 错峰特惠  网红拈花湾 双水乡 纯玩0购物 疫后安心游
[春节]<华东六市+绍兴+乌镇双飞6日游>跟着课本下江南/四大名镇水乡/打卡鲁迅故居三味书屋/夜宿周庄+升宋城千古情主题酒店/太湖&西湖两次船游/春节预售,1657,3.0万,9640人,95,长沙出发| 南京成团| 秦淮十六味 太湖鼋头渚 船游木渎古镇 浪漫周庄 船游西湖 鲁迅三味书屋
<苏州-乌镇-杭州3日游>高铁出游，深度纯玩，精选双5A园林，2晚升级度假酒店，感受西栅日夜美，船游西湖，1天1座城，专车专导,587,1.1万,1864人,96,南京成团| 西湖游船 乌镇西栅夜景 1天1座城 纯玩不进店 漫游乌镇 可升级住宿 
<苏州-乌镇-杭州3日游>纯玩0购物，含2早3正餐，1车1导，赠四季周庄演出，价值150元，5A3水乡，限量升周庄客栈以及宋城主题酒店,458,3595,780人,97,上海成团| 1车1导 绝不进店 含2早3正 
<苏州-乌镇-杭州3日游>深度纯玩，宿乌镇景区内客栈，赏西栅日夜全景，游苏州双5A园林，升级苏州品牌酒店，含西湖游船，一天一座城，专车专导,721,8110,1437人,95,上海成团| 乌镇西栅夜景 1天1座城 每天一个5A 8:30发车 乌镇西栅 寻味苏...
<上海迪士尼-苏州杭州-乌镇双飞5日游>严选迪士尼丨赠旅拍，夜宿乌镇/豪华型酒店，高餐标50元（水乡宴+龙井御茶宴），纯玩0购，接机New方式,3253,4748,1232人,96,长沙出发| 上海成团| 上海迪士尼 乌镇西栅 嗨翻暑期 慢游江南
[春节]<华东六市+绍兴+乌镇+杭州双飞5日游>跟着课本下江南/四大名镇水乡/打卡鲁迅故居三味书屋/夜宿周庄+升宋城千古情主题酒店/太湖&西湖两次船游,1670,2.7万,8953人,95,长沙出发机票可选| 南京成团| 秦淮十六味 太湖鼋头渚 船游木渎古镇 风车之乡周庄 船游西湖 鲁迅三味...
[春节]<上海迪士尼-华东五市-乌镇双飞6日游>国际五星0购/Disney跨新年/西栅&拈花湾双客栈/双夜景X2次船游/灵山祈福+西湖登岛/赠年夜饭/水灯会过江南年,2602,2.6万,7958人,98,长沙出发机票可选| 南京成团| 宁进沪出 家庭亲子游 纯玩0购物 国际五星酒店
<华东五市-杭州-乌镇双飞5日游>0购2晚五星客栈丨拈花湾华灯夜色汉服游园丨沉浸乌镇昼与夜丨四面环水周庄丨西湖登岛1元实景丨旅拍留存时光丨水乡年夜饭,1832,1.3万,3849人,98,长沙出发机票可选| 南京成团| 网红拈花湾 打卡拈花湾 无锡拈花湾 亲子活动 西湖
<华东六市+扬州+乌镇双飞7日游>一价全含,18人团丨9大5A景点+高档酒店丨富春品早茶丨赠宋城千古情+上海夜景丨含6正餐丨3Plus（水乡/夜景/湖泊）,2850,1.4万,4186人,96,长沙出发| 南京成团| 品扬州早茶 赠宋城千古情 环球金融中心 欢乐家庭游 爸妈游
<华东五市-乌镇双飞6日游>0购2晚五星客栈丨拈花湾华灯夜色汉服游园丨沉浸乌镇昼与夜丨四面环水周庄丨西湖登岛1元实景丨旅拍留存时光丨水乡年夜饭,2110,1.3万,3789人,98,长沙出发| 上海成团| 亲子 暑期  杭州西湖 特色美食
<苏州-乌镇-杭州3日游>高铁出游，夜宿2晚度假酒店，赏西栅日夜美景，精选苏州双5A园林，船游西湖，深度纯玩，一天一座城，专车专导,587,1.0万,1719人,95,苏州成团| 1天1座城 住宿可升级 赏乌镇夜景 赠船游西湖 升级宋城
[春节]<上海迪士尼-华东五市-乌镇双飞7日游>国际五星0购/Disney跨新年/西栅&拈花湾双客栈/双夜景X2次船游/灵山祈福+西湖登岛/赠年夜饭/水灯会过江南年,2953,2.6万,7958人,98,长沙出发机票可选| 上海成团| 上海进出 亲子家庭游 纯玩0购物 暑假优选 杭州宋城 雷峰塔 国际五星
[春节]<华东六市+扬州+乌镇双飞6日游>一价全含,18人团丨9大5A景点+高档酒店丨富春品早茶丨赠宋城千古情+上海夜景丨含6正餐丨3Plus（水乡/夜景/湖泊）,2667,1.2万,3633人,96,长沙出发机票可选| 南京成团| 环球金融中心 宋城千古情 扬州早茶 纯玩0购物
[春节]<南京+扬州+无锡+苏州+乌镇+杭州双飞4日游>18人一价全含/0购0自费丨品百年富春早茶丨住高档型酒店&夜宿乌镇丨漫游三湖+双水乡丨七里山塘夜景,1895,2.7万,8864人,95,长沙出发机票可选| 南京成团| 诗画江南 品扬州早茶 赏花看表演
<上海迪士尼-华东五市-乌镇双飞6日游>0购2晚五星客栈丨拈花湾华灯夜色汉服游园丨沉浸乌镇昼与夜丨四面环水周庄丨西湖登岛丨旅拍留存时光丨水乡年夜饭,2372,1.3万,3822人,98,长沙出发机票可选| 南京成团| 家庭亲子游 4道江南风味餐 国际五星+网红双客栈
<上海迪士尼+华东六市+绍兴+乌镇+杭州双飞6日游>跟着课本下江南/四大名镇水乡/打卡鲁迅故居三味书屋/夜宿周庄+升宋城千古情酒店/太湖&西湖两次船游,2037,2.8万,9072人,95,长沙出发机票可选| 南京成团| 秦淮十六味 太湖鼋头渚 船游木渎古镇 风车之乡周庄 船游西湖 鲁迅三味...
<上海迪士尼+华东六市+绍兴双飞7日游>跟着课本下江南/四大名镇水乡/打卡鲁迅故居三味书屋/夜宿周庄+升宋城千古情主题酒店/太湖&西湖两次船游/春节预售,2147,2.8万,9078人,95,长沙出发| 南京成团| 秦淮十六味 太湖鼋头渚 船游木渎古镇 风车之乡周庄 船游西湖 鲁迅三味...
<乌镇+西塘1日游>纯玩0购物，乌镇西栅，西塘古镇，5A双水乡，邂逅千年西塘，游魅力乌镇，充实1整天,268,1196,248人,98,杭州出发| 杭州成团| 纯玩0购物 乌镇西栅 西塘古镇 
<华东五市+扬州+ 杭州+乌镇双飞6日游>严选18人团/升温泉，一价全含（夜游乌镇/俯瞰上海夜景/宋城千古情)，0购物，品牌酒店，3水乡/船游西湖，配讲解器,2832,1540,529人,98,长沙出发| 南京成团| 全程品牌住宿 自费全含 精品小团 夜游乌镇西栅 纯玩0购
<华东五市+扬州+乌镇交通自选6日游>严选18人团/升温泉，0购物，品牌酒店，夜游水乡乌镇/船游西湖，一价全含（宋城千古情+俯瞰外滩夜景），24H接送机,2832,1538,529人,98,长沙出发| 南京成团| 全程品牌住宿 纯玩0购 自费全含 夜游乌镇西栅 精品小团
<乌镇-西塘2日游>纯玩0购物，乐享三5A水乡，打卡乌镇东西双栅，邂逅西塘古镇，住5星酒店，吃5星自助餐,458,734,116人,95,夜宿乌镇 五星酒店 打卡乌镇 邂逅西塘 5A双水乡 
<牛轻奢-迪士尼-华东5市双飞7日游>10人VIP纯玩/迪士尼点亮冬日/全程五星&1晚西栅客栈/南博寻宝/拈花湾汉服游园/情迷西塘/二次游船二进西湖/30空座率,3427,2.7万,8945人,95,长沙出发| 南京成团| 精品小团 5A苏州园林 轻奢纯玩0购 搜罗美食 深度漫游 不赶路
<华东五市+绍兴+乌镇+杭州双飞5日游>牛实惠0自费，情迷三大水乡，探鲁迅故居，夜宿周庄，品江南美食,2210,2.7万,8909人,95,长沙出发机票可选| 南京成团| 秦淮小吃 太湖鼋头渚 船游木渎古镇 风车之乡周庄 船游西湖 鲁迅三味书...
<苏州杭州-上海自选交通4日>8人VIP轻奢丨0购0自费丨拙政园+苏博+网红裕兴记丨周庄夜宿贞丰轩丨西栅牛人旅拍丨摇橹船打开西湖秘境丨限定龙井问茶,2544,8930,2632人,98,长沙出发| 上海成团| 定制行程 0购物0自费 精选酒店 小长假出行 苏沪杭
[春节]<华东5市双飞6日>南博探秘国家宝藏丨10人纯玩丨品牌五星/西栅客栈丨西塘乘摇橹船丨二进西湖丨拈花汉服游园赠旅拍丨夫子庙秦淮夜景丨春节逛庙会,2820,2.6万,8561人,95,长沙出发| 南京成团| 精品小团 5A苏州园林 轻奢纯玩0购 搜罗美食 深度漫游 不赶路
<上海迪士尼-华东五市-乌镇双飞7日游>0购2晚五星客栈丨拈花湾华灯夜色汉服游园丨沉浸乌镇昼与夜丨四面环水周庄丨西湖登岛丨旅拍留存时光丨水乡年夜饭,2571,1.3万,3790人,98,长沙出发| 上海成团| 上海迪士尼乐园 亲子游 纯玩无购物
<上海迪士尼+华东六市+扬州+乌镇双飞7日游>18人团/0购0自费，品富春早茶，双水乡&南浔船游观水上婚礼，乘小火车赏江南秋色，宋城千古情&上海夜景,3227,1.1万,3280人,97,长沙出发机票可选| 南京成团| 品扬州早茶 送宋城千古情 环球金融中心 上海迪士尼 0购物0自费
<上海迪士尼+苏沪杭双飞5日游>8人VIP轻奢丨0购0自费丨拙政园+苏博+网红裕兴记丨周庄夜宿贞丰轩丨西栅牛人旅拍丨摇橹船打开西湖秘境丨限定龙井问茶,3480,9806,2853人,96,长沙出发| 上海成团| 上海迪士尼乐园  周庄   乌镇   苏州园林   苏沪杭+水乡
[春节]<杭州-乌镇-苏州-上海双飞5日游>0购物真纯玩丨3晚五星+乌镇集团旗下客栈丨西栅&周庄双水乡+西湖小众登岛丨50高标特色餐丨98满意度丨不走回头路,2060,2.6万,8142人,98,长沙出发机票可选| 杭州成团| 杭州西湖 雷峰塔 杭州宋城 国际五星  纯玩0购物 杭州自由活动
<上海迪士尼+华东六市+扬州+乌镇双飞8日游>会员日拼团减,18人团/0购0自费,富春早茶,乌镇&南浔船游观水上婚礼,乘小火车赏秋色,价值650千古情&上海夜景,3410,1.1万,3056人,97,长沙出发| 南京成团| 品扬州早茶 含宋城千古情 环球金融中心 送夜景秀 上海迪士尼
[春节]<华东五市-乌镇双飞5日游>牛人国际五星0购0自费丨西栅&拈花湾双客栈丨灵山祈福+西湖打卡1元实景+周庄游船丨一生必看千古情&上海夜景丨赠年夜饭,2529,2.9万,8696人,98,长沙出发机票可选| 南京成团| 宁进沪出 灵山大佛 拈花湾 杭州西湖 雷峰塔 杭州宋城
<牛轻奢-华东5市双飞5日>南博探秘国家宝藏丨10人纯玩丨品牌五星/西栅客栈丨西塘乘摇橹船丨二进西湖丨拈花汉服游园赠旅拍丨夫子庙秦淮夜景丨春节逛庙会,2530,2.6万,8561人,95,长沙出发机票可选| 南京成团| 精品小团 5A苏州园林 轻奢纯玩0购 搜罗美食 深度漫游 不赶路
<苏州-乌镇-杭州3日游>精选苏州5A园林，深度纯玩，宿2晚品牌度假酒店，夜游乌镇，赏西栅日夜美景，船游西湖，一车到底，一天一座城,499,331,62人,95,苏州成团| 不换车导 赠西湖游船 西栅夜景 1天1座城 可升级住宿 
<杭州-乌镇2日游>深度纯玩，船游西湖，夜宿乌镇，升级1晚乌镇度假酒店，赏西栅日夜美景，住宿可升级，专车专导,321,207,54人,97,杭州成团| 夜游乌镇 自由度高 无强制消费 精选5A景点 枕水人家 西湖游船 
<上海迪士尼+华东五市+绍兴+乌镇+杭州双飞6日游>牛实惠0自费，苏式留园，江南三大水乡+双船游，探鲁迅故居，夜宿周庄，赠上海夜景+千古情,2577,2.5万,8354人,95,长沙出发机票可选| 无锡成团| 太湖鼋头渚 船游木渎古镇 风车之乡周庄 船游西湖 鲁迅三味书屋
<华东五市-乌镇火车6日游>0购2晚五星客栈丨拈花湾华灯夜色汉服游园丨沉浸乌镇昼与夜丨四面环水周庄丨西湖登岛1元实景丨旅拍留存时光丨水乡年夜饭,2145,9717,2880人,98,长沙出发| 上海成团| 上海有自由活动 亲子 暑假 拈花湾
[春节]<苏州+杭州+乌镇双飞4日游>臻享苏杭0购丨国际五星/乌镇客栈丨西湖深度游丨乌镇12时辰丨古典园林丨牛人大礼包（旅拍/提灯走桥/南浔制作定胜糕）,1659,1.3万,3647人,98,长沙出发| 上海成团| 精品小团 国际五星酒店  情侣家庭亲子 苏州园林 明星导游 特色美食 ...
<华东五市+扬州+乌镇自选交通6日游>一价全含/18人团，品牌酒店，3大水乡/船游西湖，夜游乌镇/俯瞰外滩夜景/宋城千古情演出，无忧接送,3007,768,267人,97,长沙出发| 上海成团| 精品小团 夜游乌镇西栅 自费全含 全程品牌住宿 纯玩0购 
<西塘古镇-乌镇2日游>超人气产品，宿景区门口途家斯维登，占床含早，水墨古镇的一抹夜色之美，双古镇带你品味江南，重磅回归,382,1.4万,2520人,97,南京成团| 淳美西塘古镇 恬静乌镇风光 精选高端酒店 赠送酒店早餐 门票全含 
<华东六市+绍兴+乌镇+杭州双动5日游>牛实惠，乌镇+周庄+绍兴三大水乡&打卡鲁迅故居，夜宿周庄+升宋城千古情主题酒店，3顿特色餐,1173,2.9万,9571人,95,武汉出发| 南京成团| 秦淮十六味 太湖鼋头渚 船游木渎古镇 风车之乡周庄 船游西湖 鲁迅三味...
<上海-苏州-乌镇-杭州4日游>纯玩0购物，三大5A水乡，赠四季周庄演出，价值150元，限量升周庄客栈以及宋城主题酒店,491,218,57人,98,上海成团| 绝不进店 挚爱水乡 超高性价 
[春节]<上海迪士尼+苏州+杭州双飞5日游>臻享0购丨国际五星/乌镇客栈丨西湖深度丨乌镇12时辰丨古典园林丨牛人大礼包（旅拍/提灯走桥/南浔制作定胜糕）,2236,3252,855人,96,长沙出发| 上海成团| 精品小团 国际五星酒店 情侣家庭亲子 迪士尼乐园 苏州园林 古镇水乡 ...
<牛轻奢-华东5市火车6日游>南博寻国家宝藏丨10人纯玩30空座率丨品牌五星/西栅客栈丨西塘乘摇橹船丨二进西湖丨拈花汉服游园赠旅拍丨夫子庙古秦淮夜景,2915,1.9万,6460人,95,长沙出发| 南京成团| 精品小团 5A苏州园林 轻奢纯玩0购 搜罗美食 深度漫游 不赶路
<乌镇+南浔1日游>慢游乌镇，夜游南浔夜景，市区1对1专车上门接，纯玩无购物,198,1866,261人,92,杭州成团| 1对1专车接 保证纯玩 双古镇
<乌镇-杭州2日游>深度纯玩不进店，船游西湖，升级乌镇度假酒店，赏西栅日夜美景，船游西湖，舒适体验,336,90,16人,100,苏州成团| 夜游西栅 赏乌镇夜景 专业导游 花港观鱼 无强制消费 西湖游船 
<苏州-乌镇-杭州3日游>夜宿乌镇直营客栈，含2早3正，赏西栅全景，苏州精选名园，升级苏州酒店，含西湖游船，专车专导，深度纯玩，原味江南,690,90,21人,100,上海成团| 一天一座城 多次入园 中国四大名园 不换车导 专线导游 赏乌镇夜景 
<上海迪士尼+苏州杭州+乌镇火车5日游>臻享0购丨国际五星/乌镇客栈丨西湖深度游丨乌镇12时辰丨古典园林丨牛人大礼包（旅拍/提灯走桥/南浔制作定胜糕）,2633,4465,1275人,97,长沙出发| 上海成团| 精品小团 国际五星酒店 情侣家庭亲子 迪士尼一天 苏州园林 古镇水乡 ...
<华东六市+乌镇+普陀山自选交通7日游>乌镇+周庄+绍兴三大水乡/太湖&西湖双船游/打卡鲁迅故居/夜宿周庄，普陀山祈福/畅游六大景点/宿海边经济型驿站,2255,1.9万,6419人,95,长沙出发| 南京成团| 秦淮十六味 太湖鼋头渚 船游木渎古镇 风车之乡周庄 船游西湖 鲁迅三味...
<牛轻奢-迪士尼-华东5市双飞6日游>10人VIP纯玩/迪士尼点亮冬日/全程五星&1晚西栅客栈/南博寻宝/拈花湾汉服游园/情迷西塘/二次游船二进西湖/30空座率,3107,6985,2058人,94,长沙出发机票可选| 南京成团| 精品小团 5A苏州园林 轻奢纯玩0购 搜罗美食 深度漫游 不赶路
<上海+苏杭+乌镇+千岛湖双飞5日游>自营0购/皇冠假日+1晚乌镇客栈+千岛湖开元度假村（游览中心湖区）西湖3H环游全景/西栅赠旅拍/高标茅式家宴,2435,3252,855人,96,长沙出发| 杭州成团| 小华东 亲子游  杭州宋城
<上海迪士尼+华东六市+绍兴+乌镇+杭州双动6日游>二次坐船,减轻舟车劳顿,玩转(乌镇、周庄、绍兴)三大水乡，打卡鲁迅故居,入住周庄,1737,2.8万,9140人,95,武汉出发| 南京成团| 秦淮十六味 太湖鼋头渚 船游木渎古镇 风车之乡周庄 船游西湖 鲁迅三味...
[春节]<杭州-乌镇-西塘自选交通3日游>自营独发10人0购丨1晚品牌五星+1晚乌镇客栈丨共赏西栅日夜景丨乘摇橹船觅西塘丨2进西湖南北全景+登岛丨30空座率,2237,1.1万,3137人,98,杭州成团| 精品小团 轻奢纯玩0购 搜罗美食 深度漫游 不赶路
<上海-苏杭-乌镇双飞4日游>水韵江南/纯玩0购，畅游三大5A水乡，赠价值150元四季周庄演出，限量升周庄客栈以及宋城主题酒店，无忧接送,1385,4856,1274人,96,长沙出发| 上海成团| 纯玩0购物 5A三水乡 杭州西湖 
<西塘夜景+乌镇2日游>细品乌镇东栅，宿景区内客栈，畅享双水乡，追忆似水年华，周末/悠游/家庭好去处，可升级住宿,305,2825,509人,94,南京成团| 特价线路 充足游玩时间 生活着的古镇 宿景区内客栈 双古镇游 纯玩0购...
<华东六市+乌镇双动5日游>自营0购升2晚五星丨拈花湾(赏禅光秀)+乌镇双客栈丨汉服游园丨经典双水乡+周庄水上游+西湖登岛合影雷峰塔丨50餐标丨武汉往返,1622,2.3万,7605人,95,武汉出发| 南京成团| 宁进沪出 纯玩0购物 苏州留园 1晚宿西栅客栈 50高餐标
<杭州-乌镇西栅1日游>下午14点出发、真正纯玩无购物、当日可定、深度游、白天带你观江南古镇水乡的小桥流水、夜晚赏乌镇西栅醉美夜景,268,1816,302人,97,杭州成团| 乌镇西栅 夜景深度游 纯玩无购物 天天发车 古镇水乡 
<西塘+乌镇1日游>江南双古镇，游西塘，逛乌镇西栅赏日景夜景，生活着的千年古镇，枕水人家，追忆似水年华，纯玩无购物,268,1947,393人,98,上海成团| 乌镇日夜全景 千年古镇 枕水人家 纯玩无购物 双水乡古镇 一天足够深度...
<杭州西湖+西湖游船+雷峰塔+乌镇西栅+西栅夜游1日游>纯玩无购物、白天游西湖和乌镇水乡、夜观著名乌镇西栅夜景、一天走完两大著名景区,384,1420,296人,97,杭州成团| 纯玩无购物 天天发团 白天游西湖 夜观乌镇夜景 纯玩线路 
<南京-杭州-苏州-无锡自选交通4日游>10人纯玩丨全程五星(夫子庙商圈状元楼+乌镇客栈)南京博物院丨小京都汉服游园丨船游西塘丨2进西湖登岛丨30空座率,2006,2804,784人,96,杭州成团| 精品小团 5A苏州园林 轻奢纯玩0购 搜罗美食 深度漫游 不赶路
<上海迪士尼乐园-苏杭-乌镇双飞5日游>嗨玩迪士尼1整天，纯玩0购物，5A3水乡，赠150元四季周庄show，限量升周庄客栈及千古情主题房,1836,4891,1217人,96,长沙出发| 上海成团| 上海迪士尼 周庄乌镇南浔 周庄客栈 
<无锡-苏州-杭州-上海-乌镇双飞5日游>性价比优选，纯玩0购物，西栅、周庄双水乡，包船游西湖，全程五星酒店、1晚夜宿乌镇赏夜景,2054,1.4万,3385人,94,长沙出发机票可选| 上海成团| 南京进上海出 五星纯玩推荐 华东精华景点 四大特色餐 细品双水乡 7大...
<浙江嘉兴西塘-乌镇2日游>深度漫游，宿乌镇景区内特色酒店，含丰富早餐，可二次入园，赏西栅日夜全景，双水乡古镇新玩法,620,2694,417人,95,上海成团| 夜宿景区内 含丰盛自助早 畅游双古镇 自由出入景区 品质之选 
<乌镇-西塘古镇夜景2日游>仅含门票及车费，住宿自理，畅游双水乡，轻松半自助，双园自由嗨翻天,240,1447,219人,94,南京成团| 销售主打 淳美古镇风情 精选优质客栈 自选住宿 自由行更自在 纯玩0购...
[春节]<上海迪士尼-苏杭-乌镇自选交通6日游>自营0购/Disney1整天/三城环游/杭州1日free，3晚国五+1晚西栅客栈/双水乡/船游西湖登岛/50元餐标美食,2107,3133,867人,98,杭州成团| 亲子游 暑假 上海迪士尼乐园 雷峰塔 上海迪士尼 国际五星
<华东五市-乌镇双飞5日游>专享乌镇年夜饭，五星纯玩0购，网红拈花湾客栈赠禅意灯光秀，枕水乌镇南浔西塘赠双游船，口碑导游，50餐标,2368,1466,406人,97,长沙出发机票可选| 南京成团| 南京进上海出 全程0购物 五星酒店 杭州西湖 禅意拈花湾 烟雨长廊西塘...
<华东五市-杭州-乌镇-苏州园林双飞6日游>专享乌镇年夜饭，全程五星，夜枕乌镇，禅意拈花湾，三水乡乌镇西塘南浔，赠双游船，0购物,2635,1466,406人,97,长沙出发机票可选| 南京成团| 南京进上海出 江南客栈 南京自由活动 纯玩0购物 拈花湾夜景 乌镇南浔...
<乌镇-西塘2日游>住宿可升级，赏日夜西塘美景，枕水乌镇，感受江南双水乡魅力，门票全含纯玩，报名即享汉服馆免费穿汉服游西塘及酒吧券,315,829,159人,97,南京成团| 古镇水乡 纯玩0购物 乌镇东栅 周末度假 
<乌镇1日游>上门接，赠伴手礼，枕水人家，来过便不曾离开，真正纯玩深度漫游，乌镇等你来撩,165,864,172人,97,上海成团| 中国六大古镇 纯玩足够深度 追忆似水年华 一天吃吃逛逛 休闲时光 不赶...
<浙江嘉兴西塘-乌镇2日游>周末度假好去处，宿乌镇直营酒店（含1早1晚餐），可多次入园，深度纯玩，忆江南，双水乡古镇日夜全景新玩法,484,1696,336人,93,上海成团| 360度漫游 二次入园 宿在乌镇 水乡深度游 轻松惬意 
<苏州-乌镇-杭州3日游>深度纯玩，2早1正，宿乌镇直营客栈，赏西栅日夜全景，多次入园，一天一座城，精选5A园林，升级苏州品牌酒店，西湖游船,603,1770,381人,95,上海成团| 升级品牌酒店 赠西湖游船 一天一座城 西栅日夜美 一车到底 专车专导 
<苏州-乌镇-杭州3日游>深度纯玩，宿景区内枕水度假酒店，赏西栅日夜全景，一天一座城，精选双5A园林，含西湖游船,799,1082,156人,95,上海成团| 宿西栅内酒店 乌镇日夜全景 一天一座城 专车专导 乌镇西栅 升级住宿 
<华东六市+乌镇双高5日游>0购2晚五星客栈丨拈花湾华灯夜色汉服游园丨沉浸乌镇昼与夜丨四面环水周庄丨西湖登岛1元实景丨旅拍留存时光丨水乡年夜饭,1898,1.9万,6460人,95,郑州出发| 南京成团| 宁进沪出 纯玩0购物 苏州留园 1晚宿西栅客栈 50高餐标
<乌镇东栅+西栅夜景1日游>上海出发乌镇东西栅欣赏夜景纯玩,289,53,9人,100,上海成团
<上海迪士尼-华东五市-乌镇双飞6日游>五星纯玩0购，Disney嗨玩1整天，宿网红拈花湾客栈西栅客栈，三水乡赠送双游船,3570,1045,269人,97,长沙出发机票可选| 南京成团| 南京进上海出 船游西湖 享特色餐 两晚特色客栈 五星酒店 拈花湾夜景 
<华东五市-乌镇-苏州园林-西湖双飞6日游>泡温泉，品秋蟹，全程5星，网红拈花湾客栈，乌镇边温泉酒店，不限次泡泉，西栅拈花湾双夜游，接送全含,2825,1466,406人,97,长沙出发机票可选| 上海成团| 上海进出 纯玩0购物 乌镇西塘南浔 拈花湾夜景 特色客栈 西湖 
<上海迪士尼乐园-苏杭-乌镇双飞5日游>四星优选，纯玩0购物，乌镇西塘双水乡，赏西塘夜景，逛苏州园林，乘乌篷船游鲁迅故里，亲子乐嗨迪士尼,2261,4795,1246人,96,长沙出发| 上海成团| 上进杭出 苏州园林 乌镇西栅 西塘古镇 
<西塘休闲2日游>宿西塘特色客栈，如诗如画古镇风韵，一杯酒一盏茶，赏如梦似幻西塘夜景，含门票0购物报名即享汉服体验馆免费穿汉服游西塘及酒吧券,282,459,113人,98,南京成团| 江南水乡 观赏夜景 门票全含 
<西塘-乌镇巴士2日游>金鼠庆新春，深度纯玩，双水乡古镇日夜全景新玩法，住乌镇自营酒店，含1早1晚，可多次入园，享乌镇年夜饭,496,862,140人,95,上海成团| 不赶早 观乌镇之夜景 纯玩无购物 小华东线 千年古镇 轻松惬意 
<杭州-乌镇2日游>深度纯玩，宿乌镇直营客栈（含1早1正），可多次入园，赏西栅日夜全景，船游西湖，自由进出西栅,395,469,93人,97,上海成团| 夜游西栅 船游西湖 无强制消费 小华东线 一车到底 含1早1正 
<嘉兴乌镇+东栅+西栅+西栅夜景1日游>纯玩无购物、杭州出发、出发晚、车程短、畅玩近8小时、真正看夜景、观全景、行程透明、导游讲解,317,362,62人,97,杭州成团| 杭州出发 纯玩无购物 看醉美夜景 出发晚 自由时间长 
[春节]<华东六市+扬州+乌镇双飞6日游>一价全含,18人团丨9大5A景点+高档酒店丨富春品早茶丨赠宋城千古情+上海夜景丨含6正餐丨3Plus（水乡/夜景/湖泊）,2667,9516,2822人,97,长沙出发机票可选| 南京成团| 宋城千古情表演 环球金融中心 扬州早茶 0购物0自费 欢乐爸妈游
<南京-拈花湾-灵山大佛-乌镇-杭州双飞4日游>纯玩0购物，五星酒店，夜枕乌镇，网红拈花湾客栈，享50特色高餐，赠双游船,1932,1240,343人,98,长沙出发机票可选| 南京成团| 南京进杭州出 0购物0自费 五星酒店 乌镇西栅 禅意拈花湾 西湖
<上海+苏州+杭州+无锡+南京+乌镇双飞6日游>专享乌镇年夜饭，纯玩0购,品牌4星升2晚5星,夜宿乌镇拈花湾客栈,登雷锋赏西湖全景,2243,1505,400人,97,长沙出发机票可选| 上海成团| 纯玩0购物 深度南北西湖 乌镇西栅夜游 灵山大佛 品牌酒店 接送全含 
<华东六市+乌镇双飞6日游>宁进沪出，深度360全景，好玩不累6大5A景区，乌镇+盘门+周庄三水乡，南山竹海，鼋头渚游太湖，三大特色餐,1840,785,279人,98,长沙出发机票可选| 南京成团| 南京进上海出 游江南三水乡 江南特色餐 赏古镇夜景 免费接送 
<浙江嘉兴西塘-乌镇2日游>深度漫游，宿景区内枕水度假酒店，含丰富早餐，赏西栅日夜全景，可自由出入景区，双水乡古镇,695,1022,170人,94,上海成团| 宿景区内酒店 360度乌镇 枕水人家 千年古镇 夜游西栅 
<上海+苏州+杭州+乌镇交通自选4日游>10人VIP小团丨超优导游丨全程五星（乌镇1晚客栈）丨逛留园+周庄船游环镇+西湖登小瀛洲丨50高标美食丨30空座率,2191,55,19人,100,杭州成团| 杭进沪出 纯玩0购物 苏州留园  50高餐标
<上海迪士尼+苏杭+乌镇+千岛湖飞机或高铁6日游>自营0购/全程五星酒店/千岛湖开元度假村（游览中心湖区）西湖3H环游全景/西栅赠旅拍/高标茅式家宴,2720,1.3万,3657人,96,长沙出发| 上海成团| 上海迪士尼乐园 欢乐亲子游 家庭游 毕业旅行 苏沪杭+水乡
<上海+苏州+杭州+无锡+南京+乌镇双飞5日游>华东环线丨慢游0购，禅意拈花湾，水墨水乡，西湖十景，升2晚五ZUAN（夜宿乌镇/拈花湾），高餐标，登雷峰塔,1752,1391,380人,97,长沙出发机票可选| 南京成团| 纯玩0购物 深度南北西湖 乌镇夜游 拈花湾客栈 品牌酒店 接送全含 
<华东五市+扬州+乌镇5日游>自选交通丨严选18人团，0购0自费/品牌酒店，江南3水乡/船游西湖，一价全含(夜游乌镇/宋城千古情/俯瞰上海夜景)，24H接送,2888,1506,517人,98,长沙出发| 南京成团| 全程品牌住宿 纯玩0购 自费全含 夜游乌镇西栅 精品小团 
<上海-苏州-杭州-乌镇-绍兴双飞4日游>四星优选，纯玩0购物，烟雨西塘，西栅赏夜景，苏州园林，乘乌篷船游鲁迅故里，寻百草园与三味书屋,1555,1440,355人,95,长沙出发| 上海成团| 西塘古镇 苏州园林 乌镇东栅 
<乌镇-全景1日游>上门接，赠礼品，日游乌镇，夜游西栅，枕水人家，来过便不曾离开，乌镇全景等你来撩，给足您一整天的时间，享受不被打扰的时光,288,256,44人,98,上海成团| 大门票全含 纯玩足够深度 追忆似水年华 一天吃吃逛逛 休闲时光 中国六...
<杭州-乌镇2日游>宿乌镇景区内酒店，赏西栅日夜美景，可多次入园，船游西湖，小华东线路，纯玩不进店,493,246,45人,96,上海成团| 纯玩不进店 专车专导 无强制消费 小华东线 深度漫游 
<上海迪士尼+苏州+杭州+乌镇双飞5日游>10人VIP小团丨迪士尼1整天丨全程五星（乌镇1晚客栈）逛留园+周庄船游环镇+西湖登小瀛洲丨50高标美食丨30空座率,2734,46,17人,100,杭州成团| 杭进沪出 亲子休闲 纯玩0购物 苏州留园  50高餐标  迪士尼
<上海-苏州-乌镇-杭州4日游>深度纯玩，宿乌镇直营客栈，赏西栅日夜美，多次入园，一天一座城，精选5A园林，西湖游船,722,596,156人,92,上海成团| 专车专导 1天1座城 纯玩0购物 西栅夜景 西湖游船 
<上海-苏州-乌镇-杭州4日游>深度纯玩，宿乌镇景区内酒店，赏西栅日夜景，一天一座城，魅力魔都，精选双5A园林，升级2晚品牌酒店，含西湖游船,843,139,29人,98,黄浦区成团| 1天1座城 专车专导 门票全含 纯玩0购物 含西湖游船 满享旅程 
<杭州西湖-乌镇-西塘3日游>纯玩0购物，网红客栈搭配杭州五星住宿，享5星自助早，50餐标，入梦乌镇，情迷南浔水韵西塘，享船游西湖,653,146,27人,94,杭州成团| 周末出游 情侣出游 小资西塘 乌镇西栅 杭州西湖 南浔古镇 
<苏州-西塘-杭州西湖-乌镇西栅3日游>苏进杭出，纯玩0购物，1晚五星酒店，深游江南三水乡，餐标50元，品江南美食,981,75,16人,100,苏州成团| 小资西塘 夜宿西栅 苏州园林留园 杭州西湖 南浔古镇 清河坊街 
<杭州-乌镇西栅-西塘-南浔3日游>夜宿乌镇，纯玩0购物，江南三水乡，赠古镇双游船、50元风味餐,611,90,15人,99,杭州成团| 周末出游 情侣出游 小资西塘 乌镇西栅 杭州西湖 南浔古镇 
<华东五市+乌镇6日游>自选交通/深度360全景，好玩不累6大5A景区，乌镇+盘门+周庄三水乡，南山竹海，鼋头渚游太湖，三大特色餐,1921,853,301人,98,长沙出发| 上海成团| 精品小团 游双水乡 
<苏州-乌镇-杭州-上海迪士尼4日游>上海参团，游苏州园林、西栅、西湖、上海迪士尼纯玩0购物，乌镇住宿可自费升级西栅内,1099,89,24人,95,上海成团| 住宿可升级 乌镇夜色尽享 纯玩0购物 专业导游 
<杭州-乌镇2日游>枕水而眠，宿乌镇西栅景区内度假酒店含早餐，360度漫游乌镇，含西湖游船，纯玩不进店,598,51,15人,100,上海成团| 夜宿西栅 枕水度假酒店 无强制消费 小华东线 纯玩0购物 
<杭州+千岛湖+乌镇西栅+西塘+南浔4日游>夜宿乌镇，登梅峰岛，玩转江南3水乡，50元风味餐,1474,94,10人,95,杭州成团| 秀水千岛湖 情迷西塘 枕水人家 
<上海迪士尼乐园-苏杭-乌镇西栅5日游>迪士尼1日丨赠旅拍，3晚品牌酒店/夜宿乌镇，全程50餐标（水乡宴+龙井御茶宴），华东园林，接机New方式，纯玩0购,1750,4437,1100人,96,上海成团| 上进杭出 上海迪士尼 乌镇西栅 乌镇客栈 国际五星 慢游江南 
<华东五市-乌镇-拈花湾双飞6日游>乌镇赏夜景，苏州园林，无锡拈花湾/京杭大运河，明星导游语音伴你游西湖,1893,1730,377人,92,长沙出发机票可选| 上海成团| 上海南京无锡 苏州杭州乌镇 拈花湾禅修 苏州园林 乌镇西栅 
<苏州-乌镇2日游>游中国四大名园之一、枕水人家、观千年古刹、享苏式生活,455,93,19人,91,上海成团| 留园寻梦之旅 江南水乡 枕水人家 中国四大名园 享小曲品绿茶 
<上海迪士尼+华东五市+扬州+乌镇7日游>自选交通丨严选18人团，枕水江南3大水乡，赠520元千古情+俯瞰外滩夜景，品牌维也纳+西栅客栈，0购0自费,3082,22,7人,100,长沙出发| 南京成团| 精品小团 夜游乌镇西栅 自费全含 全程品牌住宿 纯玩0购
<上海迪士尼-华东-乌镇-苏州-西湖双飞6日游>夜枕乌镇丨五星酒店，梦幻Disney，纯玩0购物，50高标餐，水乡（烟雨西塘/南浔古镇），赠双游船，杭州出,2948,47,5人,95,长沙出发机票可选| 上海成团| 纯玩无购物 接送全含 西塘古镇 亲子游 苏州留园 乌镇西栅夜游 
<西塘1日游>搭配乌镇东栅，畅游双古镇，纯玩无购物，含大门票及古镇内十一个景点门票，高铁机场可接站,196,8315,1214人,92,杭州出发| 杭州成团
<上海-苏州-乌镇-杭州4日游>深度纯玩，宿景区内枕水度假酒店，赏西栅日夜全景，一天一座城，魅力魔都，精选双5A园林，船游西湖,939,31,5人,100,上海成团| 夜宿枕水度假 专车专导 纯玩0购物 畅游魔都 西湖美景 西湖游船 
[春节]<华东五市+乌镇5日游>出游之冠0购丨国际酒店X西栅&拈花湾双客栈丨灵山祈福+西湖小众登岛+周庄船游丨春节赠年夜饭丨水灯会/逛集市/新春福袋,1215,1.9万,5805人,99,南京成团| 宁进沪出 一车一导 错峰特惠  网红拈花湾 双水乡 纯玩0购物 疫后安...
<上海迪士尼-华东五市-乌镇火车7日游>0购2晚五星客栈丨拈花湾华灯夜色汉服游园丨沉浸乌镇昼与夜丨四面环水周庄丨西湖登岛丨旅拍留存时光丨水乡年夜饭,2755,2,1人,100,长沙出发| 上海成团| 上海迪士尼乐园 亲子游 杭州西湖 纯玩无购物
<浙江自驾-乌镇梵璞主题文化酒店-乌镇2-3日自驾游>单房含双早，人文书香禅意，比邻乌镇东栅/西栅，游江南水乡品赏古韵,356,1573,136人,92,乌镇  古镇  东西栅  古建筑  文化
[春节]<杭州-乌镇-苏州-上海4日游>0购物真纯玩丨2晚五星+乌镇集团旗下客栈丨西栅&周庄双水乡+西湖小众登岛丨50高标特色餐丨98满意度丨不走回头路,1003,2.6万,8164人,98,杭州成团| 杭进上出 小长假优选 纯玩0购 无忧行程
<上海迪士尼-华东五市-乌镇-西湖双飞7日游>五星纯玩，5星住宿，夜枕乌镇，网红拈花湾客栈，3水乡赠双游船，接送全含,4102,19,4人,100,长沙出发机票可选| 上海成团| 上海进出 拈花湾夜景 杭州西湖 特色客栈 乌镇西塘南浔 上海迪士尼 
<杭州+上海+乌镇+西塘双飞3日游>严选18人团丨分文不带游江南， 正餐全含，江南2大水乡/船游西湖，宿维也纳plus乌镇特色客栈，24H接送,2230,14,7人,96,长沙出发机票可选| 杭州成团| 全程品牌住宿 纯玩0购 自费全含 精品小团
<华东-上海-乌镇-苏州留园-杭州双飞6日游>祈福普陀山，纯玩0购物，五星品牌酒店，3水乡（夜宿西栅/烟雨西塘/南浔古镇），50元风味餐，上进杭出,2804,18,3人,100,长沙出发机票可选| 上海成团| 纯玩无购物 苏州留园 乌镇西栅 西塘 普陀山 南浔古镇
<华东五市-苏州-杭州西湖-乌镇双飞6日游>乌镇年夜饭，0购0自费，夜枕乌镇网红拈花湾客栈，灵山许福愿，3大水乡，赠游船，含千古情，上海夜游,3303,12,4人,99,长沙出发机票可选| 上海成团| 上海进出 五星酒店 0购物0自费 乌镇西塘南浔 拈花湾禅意秀 杭州西湖...
<杭州西湖-宋城千古情-乌镇-西塘3日游>2晚宿高端酒店，占床含早，门票全含，含价值310元宋城千古情表演，周末/小长假人气游,698,1716,321人,94,南京成团| 漫步西湖 梦落水乡 枕水人家 宋城千古情 指定入住恒隆 
[春节]<华东五市-杭州-乌镇5日游>0购2晚五星客栈丨拈花湾华灯夜色汉服游园丨沉浸乌镇昼与夜丨四面环水周庄丨西湖登岛丨旅拍留存时光丨水乡年夜饭,1003,9349,2734人,98,南京成团| 暑期 亲子活动 华东五市+水乡 杭州西湖 拈花湾
[春节]<华东六市+扬州+乌镇6日游>一价全含,18人团丨9大5A景点+高档酒店丨富春品早茶丨赠宋城千古情+上海夜景丨含6正餐丨3Plus（水乡/夜景/湖泊）,1829,5252,1578人,96,南京成团| 品扬州早茶 宋城千古情 赏花看表演 环球金融中心
[春节]<华东五市-杭州6日游>万人0购丨国际五星X西栅&拈花湾客栈丨水乡日夜美景丨灵山祈福+西湖登岛1元实景+周庄环镇丨赠年夜饭丨逛集市/水灯会过大年,1451,6174,1911人,98,上海成团| 一车一导 错峰特惠  网红拈花湾 双水乡 纯玩0购物 疫后安心游
<上海迪士尼+华东六市+扬州+乌镇+西塘7日游>18人小团/0购0自费，赏秋品早茶，双水乡&南浔船游观水上婚礼，民国小火车赏江南秋色，宋城千古情&上海夜景,2490,1.4万,4135人,97,南京成团| 迪士尼   爸妈游   拙政园
<迪士尼+华东五市+扬州双飞7日游>严选18人团，童话Disney，江南3大水乡，含宋城千古情+俯瞰外滩夜景，品牌酒店+西栅客栈，0购0自费,3314,10,3人,98,长沙出发| 上海成团| 精品小团 夜游乌镇西栅 自费全含 纯玩0购 全程品牌住宿
<杭州+上海+乌镇西栅+西塘自选交通4日游>严选18人团，枕水江南双水乡，含宋城千古情+俯瞰外滩夜景，全程4星/1晚乌镇客栈，0购0自费，全程讲解器,1813,7,2人,100,长沙出发| 杭州成团| 环球金融中心 宋城千古情 免费接送服务 天堂苏杭
<杭州-乌镇自选交通4日游>纯玩0购，1N夜枕乌镇/2N杭州五星酒店，深度江南3水乡，烟雨西塘，南浔古镇，50元风味餐,2050,18,1人,100,长沙出发| 杭州成团| 纯玩0购物 爸妈游 乌镇西栅 情迷西塘 河坊街 南浔古镇
<华东五市-乌镇双飞5日游>0购物，品牌4星升2晚5星，夜宿乌镇，升登东方明珠360观景自助餐，赠双船游，儿童含早,2373,6,2人,100,长沙出发机票可选| 南京成团| 纯玩0购物 深度南北西湖 特色餐食 东方明珠 品牌酒店 拈花湾乌镇 
<上海迪士尼-华东五市-乌镇双飞6日游>五星纯玩0自费，夜枕乌镇，网红拈花湾客栈，灵山祈福，登东方明珠，亲子迪士尼，双飞,4449,14,3人,93,长沙出发机票可选| 上海成团| 南京进上海出 五星酒店 杭州西湖 特色客栈 乌镇西塘南浔 上海迪士尼 
<乌镇优屋美宿酒店2-3日自驾游>399元起，周末元旦不加价，冬日野炊一份或室内暖锅一份二选一,399,89,12人,99,乌镇  古镇  东西栅  古建筑  文化
<浙江乌镇2-4日自驾游>乌镇开元大酒店，毗邻乌镇东栅,378,105,11人,97,乌镇  古镇  东西栅  古建筑  文化
<杭州-乌镇2日游>精选5A景点，升级不加价，1晚乌镇度假酒店，原味乌镇，感受朴实民风，漫步西湖，纯玩0购物，含1早2正，专车专导,298,5,2人,100,上海成团| 专车专导 深度漫游乌镇 无强制消费 乌镇东栅 亲子休闲 
<杭州西湖-西湖游船-灵隐寺飞来峰-乌镇西栅-西栅夜游1日游>纯玩无购物、白天船游杭州西湖、夜观乌镇西栅夜景、一天走完两大著名景区,417,7,1人,100,杭州成团| 纯玩无购物 天天发团 白天游西湖 夜观乌镇夜景 纯玩线路 灵隐寺飞来峰...
<上海迪士尼乐园+华东六市+绍兴+乌镇+杭州6日游>牛实惠，乌镇/周庄/绍兴经典3水乡，打卡书本中的鲁迅三味书屋，1晚宿周庄/品金陵秦淮八绝,1121,2.5万,8405人,95,南京成团| 秦淮十六味 嗨太湖鼋头渚 品味木渎古镇 风车之乡周庄 特别船游西湖 鲁...
[春节]<杭州-乌镇-苏州-上海5日游>0购真纯玩丨2晚五星+乌镇集团旗下客栈丨西栅&周庄双水乡+西湖小众登岛丨50高标美食丨98满意度丨不走回头路,1239,2.6万,8076人,98,杭州成团| 纯玩0购物 拈花湾 杭州西湖 雷峰塔 杭州自由活动 国际五星
<上海迪士尼-华东五市-乌镇双飞6日游>纯玩0购物，升2晚5星酒店，夜枕乌镇，深游南北西湖，祈福灵山，品留园，雷峰塔赏西湖全景，亲子迪士尼,2580,5,2人,100,长沙出发机票可选| 南京成团| 纯玩0购物 深度南北西湖 拈花湾小镇 上海迪士尼 四星推荐 灵山大佛 
<华东五市+扬州+乌镇双飞4日游>严选18人团，1价全含，枕水江南3大水乡，夜游乌镇，赠宋城千古情+俯瞰上海夜景，品牌维也纳酒店，0购0自费,2762,5,2人,100,长沙出发机票可选| 南京成团| 全程品牌住宿 夜游乌镇西栅 纯玩0购 自费全含 精品小团 
<上海迪士尼+华东五市+扬州+乌镇6日游>自选交通丨严选18人团，畅玩Disney，江南3大水乡，含宋城千古情+俯瞰外滩夜景，品牌酒店+西栅客栈，0购0自费,2878,6,1人,100,长沙出发| 南京成团| 精品小团 夜游乌镇西栅 自费全含 全程品牌住宿 纯玩0购 
<乌镇东栅-西栅2日游>深度纯玩，畅玩乌镇东西栅，宿乌镇景区旁，可升级景区旗下子夜酒店,391,3612,635人,92,南京成团| 水乡韵味 幽静古镇 轻松纯玩 
<杭州+西湖+乌镇3天2晚包车私家团游>1晚雷迪森龙井庄园/1晚乌镇民宿，上天竺+林栖竹径+九溪烟树赏秋色+良渚文化中心/晓书馆，登雷峰塔，2人起订,2344,3,1人,100,浙江成团| 私家团 龙井茶园中的酒店 网红寺庙 云栖竹径 九溪十八涧 0购物0自费
[春节]<华东五市+乌镇5日游>南博寻国家宝藏丨10人纯玩30空座率丨品牌五星/西栅客栈丨西塘乘摇橹船丨二进西湖丨拈花汉服游园赠旅拍丨夫子庙古秦淮夜景,1628,1.9万,6460人,95,南京成团| 精品小团 5A苏州园林 纯玩0购 搜罗美食 深度漫游 不赶路
<华东六市+绍兴+乌镇+杭州5日游>1212买一送一/四大名镇水乡/打卡鲁迅故居三味书屋/夜宿周庄+升宋城千古情主题酒店/太湖&西湖两次船游,1212,3707,1056人,94,南京成团| 秦淮十六味 太湖鼋头渚 船游木渎古镇 风车之乡周庄 船游西湖 鲁迅三味...
[春节]<上海迪士尼-华东五市-乌镇6日游>国际五星0购/Disney跨新年/西栅&拈花湾双客栈/双夜景X2次船游/灵山祈福+西湖登岛/赠年夜饭/水灯会过江南年,1935,3362,924人,98,南京成团| 上海迪士尼乐园 亲子游 纯玩0购物 暑假 杭州宋城 雷峰塔
<上海迪士尼-苏州-杭州-乌镇5日游>自选交通丨Happy迪士尼，儿童含早亲子纯玩，二进乌镇深度24H，品牌四星升1晚五星，登雷峰塔，50高餐标,2521,4,1人,100,长沙出发| 上海成团| 纯玩0购物 南北西湖 留园 雷峰塔 上海迪士尼 4星酒店 
<华东六市+乌镇+杭州+普陀山7日游>乌镇+周庄+绍兴三大水乡/太湖&西湖双船游/打卡鲁迅故居/夜宿周庄，普陀山祈福/畅游六大景点/宿海边经济型驿站,1381,1.9万,6419人,95,南京成团| 秦淮十六味 太湖鼋头渚 船游木渎古镇 风车之乡周庄 船游西湖 鲁迅三味...
[春节]<华东五市-乌镇5日游>牛人国际五星0购0自费丨西栅&拈花湾双客栈丨灵山祈福+西湖打卡1元实景+周庄游船丨一生必看千古情&上海夜景丨赠年夜饭,1805,1.3万,3790人,98,南京成团| 纯玩0购物0自费  灵山大佛 拈花湾 杭州西湖 雷峰塔 杭州宋城 国际...
<乌镇西栅自驾2日游>含西栅景区门票，住乌镇西栅景区内客栈，自选乌镇枕水度假酒店/乌镇通安客栈，自由出入西栅景区,899,33,2人,100,乌镇  古镇  东西栅  古建筑  文化
<浙江乌镇2日游>文艺东栅，夜赏西栅，宿乌镇直营客栈，含1早1正，深度纯玩，周末度假好去处,495,37,1人,80,上海成团| 360度漫游 二次入园 宿在乌镇 水乡深度游 轻松惬意 
<上海迪士尼+苏沪杭+乌镇5日游>8人VIP轻奢丨0购0自费丨拙政园+苏博+网红裕兴记丨周庄夜宿贞丰轩丨西栅牛人旅拍丨摇橹船打开西湖秘境丨限定龙井问茶,3021,4747,1226人,93,上海成团| 上海迪士尼乐园 乌镇 苏州园林 苏沪杭+水乡 0购物纯玩
[春节]<上海迪士尼-苏杭-乌镇5日游>牛年C位/0购纯玩丨2晚五星+乌镇精品客栈丨西栅&周庄双水乡+西湖小众登岛丨50高标美食丨98满意度丨不走回头路,1699,3166,872人,98,杭州成团| 亲子 上海迪士尼乐园 纯玩0购物 杭州西湖 雷峰塔 国际五星
[春节]<上海迪士尼-华东五市-乌镇7日游>国际五星0购/Disney跨新年/西栅&拈花湾双客栈/双夜景X2次船游/灵山祈福+西湖登岛/赠年夜饭/水灯会过江南年,2171,3182,877人,98,上海成团| 上海迪士尼乐园 亲子游 纯玩0购物 暑假 杭州宋城 雷峰塔 国际五星
<上海迪士尼+华东六市+乌镇6日游>10人轻奢纯玩丨全程五星（夫子庙状元楼+乌镇客栈）南京博物院品金陵/小京都汉服游园/船游西塘/2进西湖登岛/30空座率,2348,6985,2058人,94,南京成团| 精品小团 5A苏州园林 轻奢纯玩0购 搜罗美食 深度漫游 不赶路
<牛轻奢-华东5市6日游>10人纯玩丨全程五星（夫子庙状元楼+乌镇客栈）南京博物院品古韵金陵丨小京都汉服游园丨船游西塘丨2进西湖登岛丨30空座率,1971,1162,342人,96,南京成团| 精品小团 5A苏州园林 轻奢纯玩0购 搜罗美食 深度漫游 不赶路
<杭州千岛湖+苏州+乌镇+上海5日游>自营0购/皇冠假日+1晚乌镇客栈+千岛湖开元度假村（游览中心湖区）西湖3H环游全景/西栅赠旅拍/享高标茅式家宴,1670,7280,2082人,95,上海成团| 小华东环线 深度纯玩 宿皇冠假日 纯玩0购物 假期优选
<杭州西湖-乌镇西栅-西塘3日游>鼠年有礼，纯玩0购物，夜游乌镇，艳遇西塘，漫步西溪，登雷峰塔俯瞰西湖全景，赠西塘小吃，品茶宴,1643,9001,2272人,95,长沙出发| 杭州成团| 漫步西湖 迷情乌镇 邂逅西塘 登雷峰塔 0购物 一车一导 
<西塘中享酒店自驾2日游>可选套餐，自选西塘门票套餐/云澜湾温泉套餐，含双早，享精选房型，酒店自营，品质保障,324,22,1人,100,
<上海+苏州+乌镇+杭州4日游>上海进出，专车专导全程0购物品尝杭州茶园宴西塘水乡宴苏州本帮菜，升级1晚乌镇客栈，优质交通夜游西栅,1199,5,5人,100,上海成团| 全程0购物 导游服务 升级特色客栈 古镇水乡 
[春节]<南京+扬州+无锡+苏州+乌镇+杭州4日游>18人一价全含/0购0自费丨品百年富春早茶丨住高档型酒店&夜宿乌镇丨漫游三湖+双水乡丨七里山塘夜景,1121,469,172人,98,南京成团| 诗画江南 品扬州早茶 赏花看表演
<杭州-西塘2日游>含乌镇西塘双古镇，城市水乡结合，含西湖游船，看自选升级宋城，纯玩无购物,447,47,6人,88,杭州成团
<上海迪士尼乐园-苏杭-乌镇5日游>四星优选，纯玩0购物，乌镇西塘双水乡，赏西栅夜景，逛苏州园林，乘乌篷船游鲁迅故里，亲子乐嗨迪士尼,1400,4748,1232人,96,上海成团| 慢游江南 上海迪士尼 乌镇西栅 
<牛轻奢-迪士尼-华东5市7日游>一周玩转江南，纯玩0购物，五星酒店+西栅精品客栈，三大水乡+江南园林，漫步西湖，50元高餐标（当地参团）,2690,226,54人,97,杭州成团| 精品小团 5A苏州园林 轻奢纯玩0购 搜罗美食 深度漫游 不赶路
[春节]<上海迪士尼-杭州-乌镇-苏州-上海6日游>自营0购/Disney1整天/三城环游/杭州1日free，3晚国五+1晚西栅客栈/双水乡/船游西湖登岛/50元餐标美食,1935,3070,848人,98,杭州成团| 上海迪士尼乐园 雷峰塔 上海迪士尼 国际五星 亲子游 暑假
<杭州-西湖-乌镇-西塘3日游>纯玩0购物,20人小包团,宿5星酒店,高餐标,含西溪湿地二期,赠送单程电瓶车,夜游西栅,漫步西湖,登雷峰塔,872,2,1人,100,杭州成团| 纯玩0购物 烟雨西湖 乌镇西栅夜景 
<杭州-乌镇-苏州-上海4日游>真纯玩0购物，漫游三城&双水乡，船游西湖+登三潭印月岛/必打卡苏式园林，全程五星+1晚西栅客栈，夏夜限定提灯走桥,981,2,1人,100,杭州成团| 杭进上出 小长假优选 纯玩0购 无忧行程
<杭州-千岛湖-西塘3日游>品西塘乌镇双水乡，山水古镇城市元素结合，含双游船（西湖游船千岛湖游船），纯玩无购物，9点出发不赶早，可升级住宿,807,244,39人,83,杭州成团| 无购物 可升级住宿 城市山水古镇 
<上海迪士尼乐园-苏杭-乌镇5日游>含迪士尼门票，畅游1整天，纯玩0购物，知名4水乡，赠四季周庄演出，限量升周庄客栈及千古情主题房,1125,3641,945人,96,上海成团| 上海迪士尼 纯玩0购物 周庄客栈 嗨翻迪士尼 
<牛轻奢-杭州-乌镇-西塘-千岛湖4日游>纯玩0购丨全程五星酒店/1晚乌镇客栈/1晚宿千岛湖丨西塘赠游船+西湖漫步丨千岛湖玩中心湖区丨杭乌段升10人小团,1729,1162,342人,96,杭州成团| 轻奢纯玩0购 搜罗美食 深度漫游 杭州进出 不赶路
<华东五市-杭州-乌镇6日游>0购2晚五星客栈丨拈花湾华灯夜色汉服游园丨沉浸乌镇昼与夜丨四面环水周庄丨西湖登岛1元实景丨旅拍留存时光丨水乡年夜饭,1180,83,25人,99,上海成团| 亲子 暑期  杭州西湖 特色美食
<苏州+乌镇+杭州+西湖3日游>周末纯玩30人丨1晚乌镇客栈+1晚杭州五星丨3小时深游西湖十景丨西栅赠旅拍+南浔古镇+5A园林丨50餐标丨上海参团,649,935,3人,100,苏州成团| 杭州西湖 雷峰塔 国际五星 乌镇西栅
<上海迪士尼-苏杭-乌镇-千岛湖6日游>自营0购/皇冠假日+1晚乌镇客栈+千岛湖开元度假村（游览中心湖区）西湖3H环游全景/西栅赠旅拍/享高标茅式家宴,2431,112,32人,95,南京成团| 亲子 暑期 上海迪士尼乐园 上海迪士尼 亲子游 暑假 杭州西湖
<牛轻奢-迪士尼-华东5市火车7日游>10人纯玩丨全程五星（夫子庙状元楼+乌镇客栈）南京博物院品金陵/小京都汉服游园/船游西塘/2进西湖登岛丨30空座率,3525,6985,2058人,94,长沙出发| 南京成团| 精品小团 5A苏州园林 轻奢纯玩0购 搜罗美食 深度漫游 不赶路
<华东六市+扬州+乌镇6日游>严选18人团/升温泉，0购物，品牌酒店，3水乡/船游西湖，一价全含（夜游乌镇/俯瞰上海夜景/宋城千古情)，配讲解器,2050,785,279人,98,南京成团| 精品小团 纯玩0购 自费全含 全程品牌住宿 夜游乌镇西栅 
<乌镇-千岛湖中心湖-梅峰岛2日游>纯玩无购物，山水古镇连线，漫步千年古镇，船游千岛湖魅力，登梅峰岛，主城区免费上门接,698,16,1人,100,杭州成团| 乌镇古镇 千岛湖中心湖 千岛湖 
<华东五市+乌镇6日游>一晚水乡客栈，乌镇盘门周庄三水乡，南山竹海，太湖鼋头渚，慢游西湖，嗨玩迪士尼，三大特色美食（当地游）,1792,1538,529人,98,南京成团| 南京进上海出 深度水乡 精选景点 太湖+西湖 享特色餐 
<杭州千岛湖+灵隐寺+乌镇东西栅双飞5日游>全程0购物0自费，25人精致小团，升级伯爵号游轮，西湖游船登三潭印月岛，升级夜宿千岛湖,2520,21,6人,99,长沙出发机票可选| 杭州成团| 船游西湖 赏西栅夜景 船游千岛湖 夜宿乌镇 纯玩无购物 体验摇橹船 
<乌镇东栅1日游>纯玩无购物，漫步千年古镇，含门票及往返交通，享受慵懒的美好时光，主城区免费接,196,8,1人,100,杭州成团| 纯玩0购物 全家出游 情侣出游 
<无锡-苏州-杭州-上海-乌镇5日游>深度游玩0购物、乌镇周庄双水乡、船游西湖、灵山祈福、50元餐标、全程五星酒店，一晚夜宿乌镇,1176,5927,1574人,95,上海成团| 南京进上海出 包船游西湖 拙政园 水乡乌镇西栅 主题酒店 苏沪杭+水乡
<苏沪杭+乌镇+西塘5日游>严选18人团，1价全含，枕水江南3大水乡，正餐全含，赠520宋城千古情+上海夜景，品牌维也纳酒店，0购0自费,1804,849,297人,98,玄武区成团| 夜游乌镇西栅 全程品牌住宿 纯玩0购 自费全含 精品小团
<上海-苏州-杭州-乌镇4日游>水韵江南/纯玩0购，畅游三大5A水乡，赠价值150元四季周庄演出，限量升周庄客栈以及宋城主题酒店，无忧接送,504,1440,355人,95,上海成团| 绝不进店 挚爱水乡 超高性价 
<迪士尼+苏沪杭+乌镇5日游>臻享苏杭0购丨国际五星/乌镇客栈丨西湖深度游丨乌镇12时辰丨古典园林丨牛人大礼包（旅拍/提灯走桥/南浔制作定胜糕）,1499,13,4人,100,上海成团| 亲子家庭情侣 国际五星酒店  情侣家庭亲子 苏州园林 迪士尼一天 无购...
<杭州-乌镇-西塘3日游>纯玩0购物，2晚5星，餐标50元，三5A水乡，门票价值超300，赠西塘游船，汉服体验,759,133,33人,99,杭州成团| 夜宿乌镇 20%空座率 西溪湿地 乌镇西栅 
<杭州-乌镇古镇-夜游南浔1日游>全程纯玩无购物，漫步双古镇，夜游南浔古镇，感受江南水乡小桥、流水、人家式风光，主城区上门接,245,4,1人,94,杭州成团| 全家出游 情侣出游 乌镇古镇 
<乌镇-苏州2日游>全程纯玩无购物，两天四城，漫步华东三古镇，游苏式园林，华东精品线，主城区上门接,687,1,1人,100,杭州成团| 纯玩无购物 全家出游 玩转华东 
<华东五市+扬州+乌镇4日游>18人团一价全包，品淮扬早茶正餐全含，江南三水乡，宿维也纳/乌镇客栈，赠宋城千古情/上海外滩登高，24H接,1792,319,116人,99,南京成团| 全程品牌住宿 纯玩0购 自费全含 夜游乌镇西栅 精品小团 
<华东五市+扬州+乌镇6日游>一价全含/18人团，品牌酒店，3大水乡/船游西湖，夜游乌镇/俯瞰外滩夜景/宋城千古情演出，无忧接送，配讲解器,2078,286,105人,99,上海成团| 精品小团 夜游乌镇西栅 自费全含 纯玩0购 全程品牌住宿 
<华东-苏州园林-乌镇-杭州西湖4日游>南京进杭州出丨纯玩0购0自费，禅意拈花，漫游不赶，升2晚ZUAN酒店（夜宿乌镇/拈花湾客栈），高餐标，登雷峰塔,900,62,17人,100,南京成团| 纯玩0购物 高标酒店 乌镇西栅 南京中山陵 接送全含 拈花湾客栈 
<上海迪士尼-华东五市-乌镇7日游>0购2晚五星客栈丨拈花湾华灯夜色汉服游园丨沉浸乌镇昼与夜丨四面环水周庄丨西湖登岛丨旅拍留存时光丨水乡年夜饭,1782,7,2人,100,上海成团| 上海迪士尼乐园 亲子游 杭州西湖 纯玩无购物
<上海迪士尼-华东五市-乌镇6日游>五星纯玩0购，Disney嗨玩1整天，宿网红拈花湾客栈西栅客栈，5A三水乡赠双游船,2790,42,12人,100,南京成团| 南京进上海出 杭州西湖 赏拈花湾夜景 乌镇西塘南浔 纯玩无购物 乌镇西...
<上海迪士尼-华东四市6日游>全新升级4晚维也纳系列酒店，寻梦迪士尼，观水乡婚礼，登雷峰塔赏全景西湖，享舌尖上的南浔味道（当地游）,1208,273,68人,96,上海成团| 上海进出 迪士尼乐园 悠悠古镇 雷峰塔 南浔古镇 华东四市 
<杭州-乌镇西栅-西塘-南浔-千岛湖4日游>森林氧吧丨千岛湖乘船游，江南3大水乡，赠摇橹船，纯玩0购物，夜宿乌镇，2晚杭州品牌酒店（当地参团）,1650,26,7人,99,杭州成团| 纯玩无购物 苏州 乌镇西栅 西塘 千岛湖 南浔古镇
<华东-灵山拈花湾-苏州留园-杭州西湖-乌镇西栅5日游>专享乌镇年夜饭，五星纯玩，网红拈花湾客栈乌镇五星，三水乡赠双游船，当地参,1266,30,4人,100,南京成团| 南京进上海出 水乡 杭州西湖 乌镇西塘南浔 拈花湾夜景 全程宿五星 
<华东五市-乌镇5日游>纯玩0购丨禅意拈花，漫游不赶，杭州西湖十景，品牌4星升2晚ZUAN（夜宿乌镇/拈花湾客栈），50餐标+金秋品蟹，登雷峰塔，江南园林,919,17,5人,100,南京成团| 纯玩0购物 深度南北西湖 乌镇西栅夜游 拈花湾客栈 品牌酒店 接送全含...
<华东五市-乌镇-西湖5日游>泡温泉，品秋蟹，全程5星，网红拈花湾客栈，乌镇边温泉酒店，不限次泡泉，西栅拈花湾双夜游，接送全含,1490,21,3人,100,南京成团| 南京进上海出 0购物 五星酒店 乌镇南浔西塘 禅意拈花湾 杭州西湖 
